{
  "timestamp": "2026-01-09T20:02:55.918599Z",
  "best_score": -0.21141338869917092,
  "best_hp_decoded": {
    "hidden_layers": [
      192,
      192
    ],
    "learning_rate": 0.00016842461410551148,
    "weight_decay": 2.976985763105751e-05
  },
  "hp_dataset_size": 13,
  "random_state": 0
}